{
    "annotations": {
      "list": [
        {
          "builtIn": 1,
          "datasource": {
            "type": "grafana",
            "uid": "-- Grafana --"
          },
          "enable": true,
          "hide": true,
          "iconColor": "rgba(0, 211, 255, 1)",
          "name": "Annotations & Alerts",
          "type": "dashboard"
        }
      ]
    },
    "editable": true,
    "fiscalYearStartMonth": 0,
    "graphTooltip": 0,
    "id": 29,
    "links": [],
    "liveNow": false,
    "panels": [
      {
        "datasource": {
          "type": "prometheus",
          "uid": "prometheus"
        },
        "fieldConfig": {
          "defaults": {
            "color": {
              "mode": "palette-classic"
            },
            "custom": {
              "axisBorderShow": false,
              "axisCenteredZero": false,
              "axisColorMode": "text",
              "axisLabel": "",
              "axisPlacement": "auto",
              "barAlignment": 0,
              "drawStyle": "line",
              "fillOpacity": 0,
              "gradientMode": "none",
              "hideFrom": {
                "legend": false,
                "tooltip": false,
                "viz": false
              },
              "insertNulls": false,
              "lineInterpolation": "linear",
              "lineWidth": 1,
              "pointSize": 5,
              "scaleDistribution": {
                "type": "linear"
              },
              "showPoints": "auto",
              "spanNulls": false,
              "stacking": {
                "group": "A",
                "mode": "none"
              },
              "thresholdsStyle": {
                "mode": "off"
              }
            },
            "mappings": [],
            "thresholds": {
              "mode": "absolute",
              "steps": [
                {
                  "color": "green",
                  "value": null
                },
                {
                  "color": "red",
                  "value": 80
                }
              ]
            }
          },
          "overrides": []
        },
        "gridPos": {
          "h": 8,
          "w": 12,
          "x": 0,
          "y": 0
        },
        "id": 6,
        "options": {
          "legend": {
            "calcs": [],
            "displayMode": "list",
            "placement": "bottom",
            "showLegend": true
          },
          "tooltip": {
            "mode": "single",
            "sort": "none"
          }
        },
        "targets": [
          {
            "datasource": {
              "type": "prometheus",
              "uid": "prometheus"
            },
            "editorMode": "code",
            "expr": "rate(http_request_latency_seconds_sum{endpoint=\"/appVersion\"}[5m]) / rate(http_request_latency_seconds_count{endpoint=\"/appVersion\"}[5m])",
            "instant": false,
            "legendFormat": "__auto",
            "range": true,
            "refId": "A"
          }
        ],
        "title": "Request Latency Per Endpoint",
        "type": "timeseries"
      },
      {
        "datasource": {
          "type": "prometheus",
          "uid": "prometheus"
        },
        "fieldConfig": {
          "defaults": {
            "color": {
              "mode": "palette-classic"
            },
            "custom": {
              "axisBorderShow": false,
              "axisCenteredZero": false,
              "axisColorMode": "text",
              "axisLabel": "",
              "axisPlacement": "auto",
              "barAlignment": 0,
              "drawStyle": "line",
              "fillOpacity": 0,
              "gradientMode": "none",
              "hideFrom": {
                "legend": false,
                "tooltip": false,
                "viz": false
              },
              "insertNulls": false,
              "lineInterpolation": "linear",
              "lineWidth": 1,
              "pointSize": 5,
              "scaleDistribution": {
                "type": "linear"
              },
              "showPoints": "auto",
              "spanNulls": false,
              "stacking": {
                "group": "A",
                "mode": "none"
              },
              "thresholdsStyle": {
                "mode": "off"
              }
            },
            "mappings": [],
            "thresholds": {
              "mode": "absolute",
              "steps": [
                {
                  "color": "green",
                  "value": null
                },
                {
                  "color": "red",
                  "value": 80
                }
              ]
            }
          },
          "overrides": [
            {
              "__systemRef": "hideSeriesFrom",
              "matcher": {
                "id": "byNames",
                "options": {
                  "mode": "exclude",
                  "names": [
                    "{__name__=\"http_requests_total\", endpoint=\"/greet/{name}\", instance=\"webapi-loadbalancer.ns-website-db.svc.cluster.local:80\", job=\"python-api\", method=\"GET\", status=\"200\"}"
                  ],
                  "prefix": "All except:",
                  "readOnly": true
                }
              },
              "properties": [
                {
                  "id": "custom.hideFrom",
                  "value": {
                    "legend": false,
                    "tooltip": false,
                    "viz": true
                  }
                }
              ]
            }
          ]
        },
        "gridPos": {
          "h": 8,
          "w": 12,
          "x": 12,
          "y": 0
        },
        "id": 7,
        "options": {
          "legend": {
            "calcs": [],
            "displayMode": "list",
            "placement": "bottom",
            "showLegend": true
          },
          "tooltip": {
            "mode": "single",
            "sort": "none"
          }
        },
        "targets": [
          {
            "datasource": {
              "type": "prometheus",
              "uid": "prometheus"
            },
            "disableTextWrap": false,
            "editorMode": "code",
            "expr": "http_requests_total{job=\"python-api\", endpoint=\"/appVersion\", method=\"GET\", status=\"200\"}",
            "fullMetaSearch": false,
            "includeNullMetadata": true,
            "instant": false,
            "legendFormat": "__auto",
            "range": true,
            "refId": "A",
            "useBackend": false
          }
        ],
        "title": "Successful GET Requests to /greet/{name} Endpoint (200 Status)",
        "type": "timeseries"
      },
      {
        "datasource": {
          "type": "prometheus",
          "uid": "prometheus"
        },
        "fieldConfig": {
          "defaults": {
            "color": {
              "mode": "palette-classic"
            },
            "custom": {
              "axisBorderShow": false,
              "axisCenteredZero": false,
              "axisColorMode": "text",
              "axisLabel": "",
              "axisPlacement": "auto",
              "barAlignment": 0,
              "drawStyle": "line",
              "fillOpacity": 0,
              "gradientMode": "none",
              "hideFrom": {
                "legend": false,
                "tooltip": false,
                "viz": false
              },
              "insertNulls": false,
              "lineInterpolation": "linear",
              "lineWidth": 1,
              "pointSize": 5,
              "scaleDistribution": {
                "type": "linear"
              },
              "showPoints": "auto",
              "spanNulls": false,
              "stacking": {
                "group": "A",
                "mode": "none"
              },
              "thresholdsStyle": {
                "mode": "off"
              }
            },
            "mappings": [],
            "thresholds": {
              "mode": "absolute",
              "steps": [
                {
                  "color": "green",
                  "value": null
                },
                {
                  "color": "red",
                  "value": 80
                }
              ]
            }
          },
          "overrides": []
        },
        "gridPos": {
          "h": 8,
          "w": 12,
          "x": 0,
          "y": 8
        },
        "id": 5,
        "options": {
          "legend": {
            "calcs": [],
            "displayMode": "list",
            "placement": "bottom",
            "showLegend": true
          },
          "tooltip": {
            "mode": "single",
            "sort": "none"
          }
        },
        "targets": [
          {
            "datasource": {
              "type": "prometheus",
              "uid": "prometheus"
            },
            "editorMode": "code",
            "expr": "rate(http_request_latency_seconds_sum[5m]) / rate(http_request_latency_seconds_count[5m])",
            "instant": false,
            "legendFormat": "__auto",
            "range": true,
            "refId": "A"
          }
        ],
        "title": "Request Latency (Average)",
        "type": "timeseries"
      },
      {
        "datasource": {
          "type": "prometheus",
          "uid": "prometheus"
        },
        "fieldConfig": {
          "defaults": {
            "color": {
              "mode": "palette-classic"
            },
            "custom": {
              "axisBorderShow": false,
              "axisCenteredZero": false,
              "axisColorMode": "text",
              "axisLabel": "",
              "axisPlacement": "auto",
              "barAlignment": 0,
              "drawStyle": "line",
              "fillOpacity": 0,
              "gradientMode": "none",
              "hideFrom": {
                "legend": false,
                "tooltip": false,
                "viz": false
              },
              "insertNulls": false,
              "lineInterpolation": "linear",
              "lineWidth": 1,
              "pointSize": 5,
              "scaleDistribution": {
                "type": "linear"
              },
              "showPoints": "auto",
              "spanNulls": false,
              "stacking": {
                "group": "A",
                "mode": "none"
              },
              "thresholdsStyle": {
                "mode": "off"
              }
            },
            "mappings": [],
            "thresholds": {
              "mode": "absolute",
              "steps": [
                {
                  "color": "green",
                  "value": null
                },
                {
                  "color": "red",
                  "value": 80
                }
              ]
            }
          },
          "overrides": []
        },
        "gridPos": {
          "h": 8,
          "w": 12,
          "x": 0,
          "y": 16
        },
        "id": 4,
        "options": {
          "legend": {
            "calcs": [],
            "displayMode": "list",
            "placement": "bottom",
            "showLegend": true
          },
          "tooltip": {
            "mode": "single",
            "sort": "none"
          }
        },
        "targets": [
          {
            "datasource": {
              "type": "prometheus",
              "uid": "prometheus"
            },
            "editorMode": "code",
            "expr": "sum by (status) (rate(http_requests_total[5m]))",
            "instant": false,
            "legendFormat": "__auto",
            "range": true,
            "refId": "A"
          }
        ],
        "title": "Request Count Grouped by Status Code",
        "type": "timeseries"
      },
      {
        "datasource": {
          "type": "prometheus",
          "uid": "prometheus"
        },
        "fieldConfig": {
          "defaults": {
            "color": {
              "mode": "palette-classic"
            },
            "custom": {
              "axisBorderShow": false,
              "axisCenteredZero": false,
              "axisColorMode": "text",
              "axisLabel": "",
              "axisPlacement": "auto",
              "barAlignment": 0,
              "drawStyle": "line",
              "fillOpacity": 0,
              "gradientMode": "none",
              "hideFrom": {
                "legend": false,
                "tooltip": false,
                "viz": false
              },
              "insertNulls": false,
              "lineInterpolation": "linear",
              "lineWidth": 1,
              "pointSize": 5,
              "scaleDistribution": {
                "type": "linear"
              },
              "showPoints": "auto",
              "spanNulls": false,
              "stacking": {
                "group": "A",
                "mode": "none"
              },
              "thresholdsStyle": {
                "mode": "off"
              }
            },
            "mappings": [],
            "thresholds": {
              "mode": "absolute",
              "steps": [
                {
                  "color": "green",
                  "value": null
                },
                {
                  "color": "red",
                  "value": 80
                }
              ]
            }
          },
          "overrides": []
        },
        "gridPos": {
          "h": 8,
          "w": 12,
          "x": 0,
          "y": 24
        },
        "id": 3,
        "options": {
          "legend": {
            "calcs": [],
            "displayMode": "list",
            "placement": "bottom",
            "showLegend": true
          },
          "tooltip": {
            "mode": "single",
            "sort": "none"
          }
        },
        "targets": [
          {
            "datasource": {
              "type": "prometheus",
              "uid": "prometheus"
            },
            "editorMode": "code",
            "expr": "sum by (endpoint) (rate(http_requests_total[5m]))",
            "instant": false,
            "legendFormat": "__auto",
            "range": true,
            "refId": "A"
          }
        ],
        "title": "Request Count Per Endpoint",
        "type": "timeseries"
      },
      {
        "datasource": {
          "type": "prometheus",
          "uid": "prometheus"
        },
        "fieldConfig": {
          "defaults": {
            "color": {
              "mode": "palette-classic"
            },
            "custom": {
              "axisBorderShow": false,
              "axisCenteredZero": false,
              "axisColorMode": "text",
              "axisLabel": "",
              "axisPlacement": "auto",
              "barAlignment": 0,
              "drawStyle": "line",
              "fillOpacity": 0,
              "gradientMode": "none",
              "hideFrom": {
                "legend": false,
                "tooltip": false,
                "viz": false
              },
              "insertNulls": false,
              "lineInterpolation": "linear",
              "lineWidth": 1,
              "pointSize": 5,
              "scaleDistribution": {
                "type": "linear"
              },
              "showPoints": "auto",
              "spanNulls": false,
              "stacking": {
                "group": "A",
                "mode": "none"
              },
              "thresholdsStyle": {
                "mode": "off"
              }
            },
            "mappings": [],
            "thresholds": {
              "mode": "absolute",
              "steps": [
                {
                  "color": "green",
                  "value": null
                },
                {
                  "color": "red",
                  "value": 80
                }
              ]
            }
          },
          "overrides": [
            {
              "__systemRef": "hideSeriesFrom",
              "matcher": {
                "id": "byNames",
                "options": {
                  "mode": "exclude",
                  "names": [
                    "{__name__=\"http_requests_total\", endpoint=\"/greet/{name}\", instance=\"webapi-loadbalancer.ns-website-db.svc.cluster.local:80\", job=\"python-api\", method=\"GET\", status=\"200\"}"
                  ],
                  "prefix": "All except:",
                  "readOnly": true
                }
              },
              "properties": [
                {
                  "id": "custom.hideFrom",
                  "value": {
                    "legend": false,
                    "tooltip": false,
                    "viz": true
                  }
                }
              ]
            }
          ]
        },
        "gridPos": {
          "h": 8,
          "w": 12,
          "x": 0,
          "y": 32
        },
        "id": 1,
        "options": {
          "legend": {
            "calcs": [],
            "displayMode": "list",
            "placement": "bottom",
            "showLegend": true
          },
          "tooltip": {
            "mode": "single",
            "sort": "none"
          }
        },
        "targets": [
          {
            "datasource": {
              "type": "prometheus",
              "uid": "prometheus"
            },
            "disableTextWrap": false,
            "editorMode": "code",
            "expr": "http_requests_total{job=\"python-api\", endpoint=\"/greet/{name}\", method=\"GET\", status=\"200\"}",
            "fullMetaSearch": false,
            "includeNullMetadata": true,
            "instant": false,
            "legendFormat": "__auto",
            "range": true,
            "refId": "A",
            "useBackend": false
          },
          {
            "datasource": {
              "type": "prometheus",
              "uid": "prometheus"
            },
            "editorMode": "code",
            "expr": "http_requests_total{job=\"python-api\", endpoint=\"/greet/{name}\", method=\"GET\", status!=\"200\"}",
            "hide": false,
            "instant": false,
            "legendFormat": "__auto",
            "range": true,
            "refId": "B"
          }
        ],
        "title": "Successful GET Requests to /greet/{name} Endpoint (200 Status)",
        "type": "timeseries"
      }
    ],
    "refresh": "30s",
    "schemaVersion": 39,
    "tags": [],
    "templating": {
      "list": []
    },
    "time": {
      "from": "now-5m",
      "to": "now"
    },
    "timepicker": {},
    "timezone": "",
    "title": "Demo dashboard",
    "uid": "a1bceff4-227c-4a0b-b8ff-aab50e277863",
    "version": 2,
    "weekStart": ""
  }