{
    "annotations": {
      "list": []
    },
    "panels": [
      {
        "datasource": "Prometheus",
        "fieldConfig": {
          "defaults": {
            "color": {
              "mode": "palette-classic"
            },
            "thresholds": {
              "mode": "absolute",
              "steps": [
                {
                  "color": "green",
                  "value": null
                },
                {
                  "color": "red",
                  "value": 1
                }
              ]
            }
          }
        },
        "gridPos": {
          "h": 8,
          "w": 12,
          "x": 0,
          "y": 0
        },
        "id": 1,
        "options": {
          "orientation": "auto",
          "reduceOptions": {
            "calcs": [
              "lastNotNull"
            ],
            "fields": "",
            "values": false
          },
          "showThresholdLabels": false,
          "showThresholdMarkers": true
        },
        "pluginVersion": "9.0.0",
        "targets": [
          {
            "expr": "up{job=\"fastapi\"}",
            "interval": "",
            "legendFormat": "{{instance}}",
            "refId": "A"
          }
        ],
        "title": "API Health Check",
        "type": "gauge"
      },
      {
        "datasource": "Prometheus",
        "fieldConfig": {
          "defaults": {
            "color": {
              "mode": "palette-classic"
            },
            "thresholds": {
              "mode": "absolute",
              "steps": [
                {
                  "color": "green",
                  "value": null
                },
                {
                  "color": "red",
                  "value": 1
                }
              ]
            }
          }
        },
        "gridPos": {
          "h": 8,
          "w": 12,
          "x": 12,
          "y": 0
        },
        "id": 2,
        "options": {
          "orientation": "auto",
          "reduceOptions": {
            "calcs": [
              "lastNotNull"
            ],
            "fields": "",
            "values": false
          },
          "showThresholdLabels": false,
          "showThresholdMarkers": true
        },
        "pluginVersion": "9.0.0",
        "targets": [
          {
            "expr": "kube_pod_status_ready{namespace=\"default\"}",
            "interval": "",
            "legendFormat": "{{pod}}",
            "refId": "B"
          }
        ],
        "title": "Kubernetes Pods Ready",
        "type": "gauge"
      }
    ],
    "schemaVersion": 27,
    "title": "Cluster & API Monitoring",
    "version": 1
  }
  